X (units),Trace 1,Trace 2,Trace 3
0,0,0,0
1,1,0.333333333,0.666666667
2,3,1,2
3,5,1.666666667,3.333333333
4,6,2,4
5,8,2.666666667,5.333333333
6,10,3.333333333,6.666666667
7,15,5,10
8,30,10,20
9,80,26.66666667,53.33333333
10,40,13.33333333,26.66666667
